{"min": [-0.541663, -0.866514, -0.077353], "max": [0.557968, 0.848909, 0.096948]}