{"min": [-0.393292, -0.921393, -0.071213], "max": [0.389981, 0.895824, 0.074128]}