{"Category": "Door", "InstanceId": "8903", "Scale": 0.4, "Movable_link": {}, "Orientation": [0, 0.7071068, 0, 0.7071068], "MaxBBox": [0.895824, 0.389981, 0.074128], "MinBBox": [-0.921393, -0.393292, -0.071213], "Offset_z": 0.028485200000000002, "Direction": null, "Effect": [{"Type": "joint", "JointId": 1, "LinkId": null, "IsMultiEffect": 0, "IsSingleEffect": 1}], "Cause": []}