{"min": [-0.14212, -0.167954, -0.142295], "max": [0.138266, 1.02225, 0.138091]}