{"min": [-0.748005, -0.714644, -0.067766], "max": [0.7141, 0.7118, 0.124642]}