{"min": [-0.687878, -0.832404, -0.358717], "max": [0.701984, 0.77581, 0.453569]}