{"min": [-0.707506, -0.684727, -0.377757], "max": [0.682299, 0.705077, 0.198915]}