{"min": [-0.625584, -0.791657, -0.067848], "max": [0.635653, 0.797975, 0.131798]}