{"min": [-0.712755, -0.729342, -0.055673], "max": [0.726392, 0.709805, 0.117163]}