{"min": [-0.695124, -0.685764, -0.064189], "max": [0.7349, 0.684676, 0.113373]}