{"min": [-0.36858, -0.941309, -0.087162], "max": [0.404947, 0.834171, 0.079224]}