{"min": [-0.806759, -0.760698, -0.15653], "max": [0.765048, 0.81111, 0.248287]}