{"min": [-0.666556, -0.732003, -0.053266], "max": [0.680392, 0.748358, 0.132204]}