{"min": [-0.383846, -0.931509, -0.216416], "max": [0.274322, 0.823603, 0.353464]}