{"min": [-0.702792, -0.732068, -0.026035], "max": [0.751176, 0.7219, 0.206182]}