{"min": [-0.249043, -0.683279, -0.86107], "max": [0.242659, 0.691818, 0.555697]}