{"min": [-0.609224, -0.741142, -0.069956], "max": [0.609898, 0.79541, 0.123022]}