{"min": [-0.647859, -0.899176, -0.32572], "max": [0.609883, 0.854884, 0.269604]}