{"min": [-0.715186, -0.710416, -0.066075], "max": [0.745532, 0.715184, 0.160595]}