{"min": [-0.49255, -0.816261, -0.81061], "max": [0.466461, 0.893052, 0.423282]}