{"min": [-0.841785, -0.508629, -0.048776], "max": [0.898944, 0.506796, 0.122301]}