{"min": [-0.72488, -0.733224, -0.074965], "max": [0.710884, 0.701921, 0.132547]}