{"min": [-0.679836, -0.710379, -0.063134], "max": [0.674663, 0.732795, 0.130612]}