{"min": [-0.311387, -0.314793, -0.533174], "max": [0.309288, 0.296478, 0.994577]}