{"min": [-0.736178, -0.718828, -0.147069], "max": [0.735287, 0.752637, 0.146767]}