{"min": [-0.696792, -0.707162, -0.072697], "max": [0.730327, 0.685646, 0.14876]}