{"min": [-0.659621, -0.713549, -0.123435], "max": [0.730443, 0.676515, 0.126776]}