{"min": [-0.531673, -0.864772, -0.056417], "max": [0.562426, 0.825256, 0.090892]}