{"min": [-0.406077, -0.910247, -0.044188], "max": [0.429755, 0.880822, 0.030439]}