{"min": [-0.380476, -0.927036, -0.054304], "max": [0.392873, 0.828824, 0.053442]}