{"min": [-0.259567, -0.885092, -0.577774], "max": [0.280609, 0.910813, 0.650347]}