{"min": [-0.421913, -0.89007, -0.076391], "max": [0.396049, 0.982154, 0.100743]}