{"min": [-0.391495, -0.990399, -0.397545], "max": [0.405462, 0.965541, 0.399411]}