{"min": [-0.938533, -0.485417, -0.110176], "max": [0.907023, 0.498222, 0.109973]}