{"min": [-0.762344, -0.728439, -0.20784], "max": [0.727791, 0.761696, 0.153117]}