{"min": [-0.762422, -0.710395, -0.067881], "max": [0.732288, 0.747859, 0.128817]}