{"min": [-0.319071, -0.295978, -0.324169], "max": [0.327091, 0.996768, 0.321993]}