{"min": [-0.629744, -0.811397, -0.069821], "max": [0.62436, 0.769244, 0.128696]}