{"min": [-0.46179, -0.898749, -0.089003], "max": [0.46416, 0.901681, 0.081022]}