{"min": [-0.422618, -0.907407, -0.061165], "max": [0.42695, 0.843218, 0.05726]}