{"min": [-0.189729, -0.845715, -0.268715], "max": [0.534874, 0.769954, 0.46568]}