{"min": [-0.4084, -0.851755, -0.09024], "max": [0.410295, 0.914904, 0.087503]}