{"min": [-0.45194, -0.677272, -0.838607], "max": [0.434588, 0.71182, 0.579287]}