{"min": [-0.765849, -0.662207, -0.069431], "max": [0.752875, 0.635067, 0.253458]}