{"min": [-0.814793, -0.796081, -0.337289], "max": [0.78588, 0.804592, 0.2894]}