{"min": [-0.597149, -0.786669, -0.058929], "max": [0.636744, 0.768499, 0.175452]}