{"min": [-0.551407, -0.847977, -0.044054], "max": [0.534641, 0.857893, 0.218223]}