{"min": [-0.759124, -0.74981, -0.207597], "max": [0.754188, 0.763502, 0.163448]}