{"min": [-0.561952, -0.648608, -0.835524], "max": [0.5453, 0.697464, 0.64001]}