{"min": [-0.905294, -0.525254, -0.050922], "max": [0.87233, 0.511693, 0.123782]}