{"min": [-0.740346, -0.706518, -0.055076], "max": [0.695978, 0.729806, 0.222496]}