{"min": [-0.543486, -0.84747, -0.952226], "max": [0.529236, 0.759862, 0.738948]}